<List Name="effect/狀態">
	<List Name="effect/eff_battle_drop_money"/>
	<List Name="effect/eff_buff_AncientTreant_Rage"/>
	<List Name="effect/eff_buff_Axe_atk2"/>
	<List Name="effect/eff_buff_BB_atk2"/>
	<List Name="effect/eff_buff_BB_ult"/>
	<List Name="effect/eff_buff_BB_ult_impact"/>
	<List Name="effect/eff_buff_blind"/>
	<List Name="effect/eff_buff_Bone_atk3"/>
	<List Name="effect/eff_buff_Bone_ult"/>
	<List Name="effect/eff_buff_boss"/>
	<List Name="effect/eff_buff_BossHuskar_atk4"/>
	<List Name="effect/eff_buff_burn"/>
	<List Name="effect/eff_buff_CM_atk2"/>
	<List Name="effect/eff_buff_CW_atk3"/>
	<List Name="effect/eff_buff_CW_atk3_impact"/>
	<List Name="effect/eff_buff_DP_ult"/>
	<List Name="effect/eff_buff_Ench_atk3"/>
	<List Name="effect/eff_buff_Footman_atk2_impact"/>
	<List Name="effect/eff_buff_HumanPriest_atk"/>
	<List Name="effect/eff_buff_Huskar_atk3"/>
	<List Name="effect/eff_buff_Lich_atk3"/>
	<List Name="effect/eff_buff_LOA_atk3"/>
	<List Name="effect/eff_buff_LOA_ult"/>
	<List Name="effect/eff_buff_Marine_atk2"/>
	<List Name="effect/eff_buff_Naga_atk3"/>
	<List Name="effect/eff_buff_OD_atk3"/>
	<List Name="effect/eff_buff_OK_atk3"/>
	<List Name="effect/eff_buff_OK_ult"/>
	<List Name="effect/eff_buff_OM_atk3"/>
	<List Name="effect/eff_buff_Panda_atk2"/>
	<List Name="effect/eff_buff_Razor_atk3"/>
	<List Name="effect/eff_buff_Razor_atk3_2"/>
	<List Name="effect/eff_buff_sf_atk3"/>
	<List Name="effect/eff_buff_SG_atk3"/>
	<List Name="effect/eff_buff_silence"/>
	<List Name="effect/eff_buff_sleep"/>
	<List Name="effect/eff_buff_slow"/>
	<List Name="effect/eff_buff_speed"/>
	<List Name="effect/eff_buff_SP_atk3"/>
	<List Name="effect/eff_buff_stun"/>
	<List Name="effect/eff_buff_TA_atk2"/>
	<List Name="effect/eff_buff_TA_atk2_impact"/>
	<List Name="effect/eff_buff_TA_atk3"/>
	<List Name="effect/eff_buff_TB_ult"/>
	<List Name="effect/eff_buff_TitanHead_all"/>
	<List Name="effect/eff_buff_TitanHead_atk3"/>
	<List Name="effect/eff_buff_TitanHead_atk5_impact"/>
	<List Name="effect/eff_buff_Viper_ult"/>
	<List Name="effect/eff_buff_VS_atk3"/>
	<List Name="effect/eff_buff_WL_atk2"/>
	<List Name="effect/eff_buff_WL_atk2_2"/>
	<List Name="effect/eff_chain_lightning"/>
	<List Name="effect/eff_chain_Lina_ult"/>
	<List Name="effect/eff_chain_Lion_ult"/>
	<List Name="effect/eff_chain_Pugna_ult"/>
	<List Name="effect/eff_chain_spike"/>
	<List Name="effect/eff_chain_SP_ult"/>
	<List Name="effect/eff_CM_atk_tile"/>
	<List Name="effect/eff_impact_AM_atk2"/>
	<List Name="effect/eff_impact_AM_ult"/>
	<List Name="effect/eff_impact_AncientTreant_atk"/>
	<List Name="effect/eff_impact_burn"/>
	<List Name="effect/eff_impact_burst"/>
	<List Name="effect/eff_impact_CM_atk"/>
	<List Name="effect/eff_impact_CM_atk2"/>
	<List Name="effect/eff_impact_crush"/>
	<List Name="effect/eff_impact_dark"/>
	<List Name="effect/eff_impact_freeze"/>
	<List Name="effect/eff_impact_heal"/>
	<List Name="effect/eff_impact_Infernal_atk"/>
	<List Name="effect/eff_impact_KOTL_atk2"/>
	<List Name="effect/eff_impact_lightning"/>
	<List Name="effect/eff_impact_Lion_atk3"/>
	<List Name="effect/eff_impact_LOA_atk2"/>
	<List Name="effect/eff_impact_OM_ult"/>
	<List Name="effect/eff_impact_pierce"/>
	<List Name="effect/eff_impact_poison"/>
	<List Name="effect/eff_impact_POM_ult"/>
	<List Name="effect/eff_impact_Pugna_ult"/>
	<List Name="effect/eff_impact_Sil_atk2"/>
	<List Name="effect/eff_impact_slash"/>
	<List Name="effect/eff_impact_sonic"/>
	<List Name="effect/eff_impact_Sorceress_atk2"/>
	<List Name="effect/eff_impact_SP_ult"/>
	<List Name="effect/eff_impact_TA_atk"/>
	<List Name="effect/eff_impact_TB_atk"/>
	<List Name="effect/eff_impact_Ursa_ult"/>
	<List Name="effect/eff_impact_Viper_ult"/>
	<List Name="effect/eff_impact_VS_ult"/>
	<List Name="effect/eff_impact_water"/>
	<List Name="effect/eff_impact_Zeus_ult"/>
	<List Name="effect/eff_launch_AV_ult"/>
	<List Name="effect/eff_launch_skill_1"/>
	<List Name="effect/eff_launch_spike"/>
	<List Name="effect/eff_launch_ult"/>
	<List Name="effect/eff_point_AM_ult"/>
	<List Name="effect/eff_point_AV_atk3"/>
	<List Name="effect/eff_point_AV_ult"/>
	<List Name="effect/eff_point_Axe_ult"/>
	<List Name="effect/eff_point_BB_atk3"/>
	<List Name="effect/eff_point_BossTB_atk4"/>
	<List Name="effect/eff_point_burst"/>
	<List Name="effect/eff_point_CM_atk3"/>
	<List Name="effect/eff_point_CM_ult"/>
	<List Name="effect/eff_point_Coco_atk3"/>
	<List Name="effect/eff_point_Coco_ult"/>
	<List Name="effect/eff_point_DOTsr_atk2"/>
	<List Name="effect/eff_point_DP_atk2"/>
	<List Name="effect/eff_point_DP_atk3"/>
	<List Name="effect/eff_point_DR_atk3"/>
	<List Name="effect/eff_point_ES_atk3"/>
	<List Name="effect/eff_point_ES_ult"/>
	<List Name="effect/eff_point_fire"/>
	<List Name="effect/eff_point_fireball"/>
	<List Name="effect/eff_point_JUGG_atk3"/>
	<List Name="effect/eff_point_KOTL_atk3"/>
	<List Name="effect/eff_point_KOTL_ult"/>
	<List Name="effect/eff_point_Lich_atk2"/>
	<List Name="effect/eff_point_Lina_atk2"/>
	<List Name="effect/eff_point_Lina_atk3"/>
	<List Name="effect/eff_point_LOA_atk3"/>
	<List Name="effect/eff_point_Luna_atk2"/>
	<List Name="effect/eff_point_Luna_moon"/>
	<List Name="effect/eff_point_Luna_night"/>
	<List Name="effect/eff_point_Marine_ult"/>
	<List Name="effect/eff_point_MeatWagon_atk"/>
	<List Name="effect/eff_point_Med_atk3"/>
	<List Name="effect/eff_point_mirror_die"/>
	<List Name="effect/eff_point_Naga_atk2"/>
	<List Name="effect/eff_point_Necromancersr_atk2"/>
	<List Name="effect/eff_point_NEC_ult"/>
	<List Name="effect/eff_point_OD_ult"/>
	<List Name="effect/eff_point_Panda_ult"/>
	<List Name="effect/eff_point_Pugna_atk2"/>
	<List Name="effect/eff_point_QOP_atk3"/>
	<List Name="effect/eff_point_QOP_ult"/>
	<List Name="effect/eff_point_Razor_ult"/>
	<List Name="effect/eff_point_SF_atk2"/>
	<List Name="effect/eff_point_SF_ult"/>
	<List Name="effect/eff_point_SG_ult"/>
	<List Name="effect/eff_point_Shaman_atk2"/>
	<List Name="effect/eff_point_SilverDragon_atk2"/>
	<List Name="effect/eff_point_SilverDragon_atk3"/>
	<List Name="effect/eff_point_Sil_atk3"/>
	<List Name="effect/eff_point_Sniper_ult"/>
	<List Name="effect/eff_point_TA_atk3"/>
	<List Name="effect/eff_point_TA_atk4"/>
	<List Name="effect/eff_point_TA_ult"/>
	<List Name="effect/eff_point_TB_ult"/>
	<List Name="effect/eff_point_TB_ult2"/>
	<List Name="effect/eff_point_TB_ult3"/>
	<List Name="effect/eff_point_THD_atk3"/>
	<List Name="effect/eff_point_THD_ult"/>
	<List Name="effect/eff_point_TH_ult"/>
	<List Name="effect/eff_point_Tiny_atk3"/>
	<List Name="effect/eff_point_Tiny_ult"/>
	<List Name="effect/eff_point_TitanHead_atk5"/>
	<List Name="effect/eff_point_TitanHead_atk7"/>
	<List Name="effect/eff_point_tp"/>
	<List Name="effect/eff_point_VS_atk3"/>
	<List Name="effect/eff_tile_AV_atk2"/>
	<List Name="effect/eff_tile_AV_ult"/>
	<List Name="effect/eff_tile_BatRider_atk"/>
	<List Name="effect/eff_tile_BB_atk2"/>
	<List Name="effect/eff_tile_BossSil_atk"/>
	<List Name="effect/eff_tile_DOT_atk"/>
	<List Name="effect/eff_tile_DP_atk"/>
	<List Name="effect/eff_tile_DR_atk2"/>
	<List Name="effect/eff_tile_Ench_atk2"/>
	<List Name="effect/eff_tile_GlaiveThrower_atk"/>
	<List Name="effect/eff_tile_Goblinjr_atk"/>
	<List Name="effect/eff_tile_Gorilla_atk2"/>
	<List Name="effect/eff_tile_Huskar_atk4"/>
	<List Name="effect/eff_tile_KOTL_atk"/>
	<List Name="effect/eff_tile_KOTL_ult"/>
	<List Name="effect/eff_tile_Lich_atk"/>
	<List Name="effect/eff_tile_Lich_ult"/>
	<List Name="effect/eff_tile_Luna_atk"/>
	<List Name="effect/eff_tile_MeatWagon_atk"/>
	<List Name="effect/eff_tile_Mortar_atk"/>
	<List Name="effect/eff_tile_Naga_atk3"/>
	<List Name="effect/eff_tile_Necromancer_atk"/>
	<List Name="effect/eff_tile_NEC_atk2"/>
	<List Name="effect/eff_tile_OD_atk"/>
	<List Name="effect/eff_tile_OD_atk2"/>
	<List Name="effect/eff_tile_OM_atk2"/>
	<List Name="effect/eff_tile_Panda_ult"/>
	<List Name="effect/eff_tile_Phoenix_atk2"/>
	<List Name="effect/eff_tile_POM_atk2"/>
	<List Name="effect/eff_tile_Pugna_atk"/>
	<List Name="effect/eff_tile_Sil_atk"/>
	<List Name="effect/eff_tile_SNK_ult"/>
	<List Name="effect/eff_tile_SpellBreaker_atk"/>
	<List Name="effect/eff_tile_Spider_atk"/>
	<List Name="effect/eff_tile_Tank_atk"/>
	<List Name="effect/eff_tile_TA_atk"/>
	<List Name="effect/eff_tile_TA_atk4"/>
	<List Name="effect/eff_tile_TB_ult"/>
	<List Name="effect/eff_tile_THD_atk"/>
	<List Name="effect/eff_tile_THD_atk2"/>
	<List Name="effect/eff_tile_THD_atk4"/>
	<List Name="effect/eff_tile_TH_atk2"/>
	<List Name="effect/eff_tile_TK_atk"/>
	<List Name="effect/eff_tile_TK_atk3"/>
	<List Name="effect/eff_tile_Troll_atk"/>
	<List Name="effect/eff_tile_Troll_atk3"/>
	<List Name="effect/eff_tile_Viper_atk2"/>
	<List Name="effect/eff_tile_Viper_ult"/>
	<List Name="effect/eff_tile_VS_atk"/>
	<List Name="effect/eff_tile_VS_atk2"/>
	<List Name="effect/eff_tile_WL_ult"/>
	<List Name="effect/eff_tile_WR_ult"/>
	<List Name="effect/eff_tile_Zeus_atk"/>
	<List Name="effect/eff_UI_battle_drop_money"/>
	<List Name="effect/eff_UI_battle_skill_activate"/>
	<List Name="effect/eff_UI_battle_skill_can_switch"/>
	<List Name="effect/eff_UI_battle_skill_cast"/>
	<List Name="effect/eff_UI_battle_skill_cost"/>
	<List Name="effect/eff_UI_battle_skill_ready"/>
	<List Name="effect/eff_UI_battle_skill_switch"/>
	<List Name="effect/eff_UI_battle_skill_will_ready"/>
	<List Name="effect/eff_UI_box_bronze"/>
	<List Name="effect/eff_UI_box_gold"/>
	<List Name="effect/eff_UI_box_silver"/>
	<List Name="effect/eff_UI_craft_above"/>
	<List Name="effect/eff_UI_craft_below"/>
	<List Name="effect/eff_UI_eatexp"/>
	<List Name="effect/eff_UI_enhance_success"/>
	<List Name="effect/eff_UI_equipping"/>
	<List Name="effect/eff_UI_excavate_flag_blue"/>
	<List Name="effect/eff_UI_excavate_flag_red"/>
	<List Name="effect/eff_UI_herodetail_evolution_back"/>
	<List Name="effect/eff_UI_herodetail_evolution_front"/>
	<List Name="effect/eff_UI_hero_upgrade_1"/>
	<List Name="effect/eff_UI_hero_upgrade_2"/>
	<List Name="effect/eff_UI_levelup"/>
	<List Name="effect/eff_UI_Main_Equip"/>
	<List Name="effect/eff_UI_Main_Exercise"/>
	<List Name="effect/eff_UI_Main_Guard"/>
	<List Name="effect/eff_UI_Main_Guild"/>
	<List Name="effect/eff_UI_Main_Lightning"/>
	<List Name="effect/eff_UI_Main_Mailbox"/>
	<List Name="effect/eff_UI_Main_Pve"/>
	<List Name="effect/eff_UI_Main_Pvp"/>
	<List Name="effect/eff_UI_Main_Rank"/>
	<List Name="effect/eff_UI_Main_Shop"/>
	<List Name="effect/eff_UI_Main_Shop2"/>
	<List Name="effect/eff_UI_Main_Shop3"/>
	<List Name="effect/eff_UI_Main_Shop_Star"/>
	<List Name="effect/eff_UI_Main_Skill"/>
	<List Name="effect/eff_UI_Main_Skill_Awake"/>
	<List Name="effect/eff_UI_Main_Spring"/>
	<List Name="effect/eff_UI_Main_Tarven"/>
	<List Name="effect/eff_UI_Main_Treasure"/>
	<List Name="effect/eff_UI_Main_Tree"/>
	<List Name="effect/eff_UI_Main_Volcano"/>
	<List Name="effect/eff_UI_shop_star_box_blue"/>
	<List Name="effect/eff_UI_shop_star_box_green"/>
	<List Name="effect/eff_UI_shop_star_box_purple"/>
	<List Name="effect/eff_UI_skill_level_up"/>
	<List Name="effect/eff_UI_tarven_open_chest"/>
	<List Name="effect/eff_UI_tarven_open_chest_gold"/>
	<List Name="effect/eff_UI_tarven_open_chest_silver"/>
	<List Name="effect/eff_UI_tavern_bubble"/>
	<List Name="effect/eff_UI_tavern_burst"/>
	<List Name="effect/eff_UI_tavern_card_blue"/>
	<List Name="effect/eff_UI_tavern_card_green"/>
	<List Name="effect/eff_UI_tavern_card_red"/>
	<List Name="effect/eff_UI_tavern_open_magicsoul"/>
</List>