<List Name="英雄配置">
	<List Name="AM"/>
	<List Name="AncientTreant"/>
	<List Name="Archer"/>
	<List Name="AV"/>
	<List Name="Axe"/>
	<List Name="BatRider"/>
	<List Name="BB"/>
	<List Name="Bone"/>
	<List Name="CGjr"/>
	<List Name="CM"/>
	<List Name="Coco"/>
	<List Name="CW"/>
	<List Name="DOT"/>
	<List Name="DOTsr"/>
	<List Name="DP"/>
	<List Name="DR"/>
	<List Name="DragonBaby"/>
	<List Name="DragonTurtle"/>
	<List Name="Duck"/>
	<List Name="Ench"/>
	<List Name="ES"/>
	<List Name="Footman"/>
	<List Name="Ghoul"/>
	<List Name="GlaiveThrower"/>
	<List Name="Goblinjr"/>
	<List Name="GoldenDragon"/>
	<List Name="GoldenTurtle"/>
	<List Name="Golem"/>
	<List Name="Gorilla"/>
	<List Name="GraniteGolem"/>
	<List Name="HumanPriest"/>
	<List Name="Huskar"/>
	<List Name="Infernal"/>
	<List Name="JUGG"/>
	<List Name="KOTL"/>
	<List Name="Lich"/>
	<List Name="Lina"/>
	<List Name="Lion"/>
	<List Name="LOA"/>
	<List Name="Luna"/>
	<List Name="Marine"/>
	<List Name="MeatWagon"/>
	<List Name="Med"/>
	<List Name="Mortar"/>
	<List Name="Naga"/>
	<List Name="NagaArcher"/>
	<List Name="NagaPriest"/>
	<List Name="NEC"/>
	<List Name="Necromancer"/>
	<List Name="Necromancersr"/>
	<List Name="OD"/>
	<List Name="OK"/>
	<List Name="OM"/>
	<List Name="Panda"/>
	<List Name="POM"/>
	<List Name="Pugna"/>
	<List Name="QOP"/>
	<List Name="Razor"/>
	<List Name="SF"/>
	<List Name="SG"/>
	<List Name="Shaman"/>
	<List Name="Sheep"/>
	<List Name="Sheep2"/>
	<List Name="Sil"/>
	<List Name="SilverDragon"/>
	<List Name="SkeletonArcher"/>
	<List Name="SkeletonWarrior"/>
	<List Name="Sniper"/>
	<List Name="SNK"/>
	<List Name="Sorceress"/>
	<List Name="SP"/>
	<List Name="SpellBreaker"/>
	<List Name="Spider"/>
	<List Name="SuicideGoblinjr"/>
	<List Name="TA"/>
	<List Name="Tank"/>
	<List Name="Tauren"/>
	<List Name="TB"/>
	<List Name="TBult"/>
	<List Name="TH"/>
	<List Name="THD"/>
	<List Name="Tiny"/>
	<List Name="TitanHead"/>
	<List Name="TitanHead_down"/>
	<List Name="TitanHead_up"/>
	<List Name="TK"/>
	<List Name="Treant"/>
	<List Name="Troll"/>
	<List Name="Ursa"/>
	<List Name="Viper"/>
	<List Name="VS"/>
	<List Name="WL"/>
	<List Name="WR"/>
	<List Name="Zeus"/>
</List>