<CCLayer>
    <CCNode MenuName="常用">
        <CCNode MenuName="节点(CCNode)" tag="0" contentSize="{0,  0}" position="{-50, -50}" realPosition="{0.0, 0.0}" skew="{0, 0}" scale="{0, 0}" rotation="{0, 0}" ignoreAnchorPointForPosition="false" visible="true" MenuPos="false"/>
        <CCSprite MenuName="图片(CCSprite)" tag="0" displayFrame="default_sprite.png" color="#ffffff" opacity="255" MenuPos="true"/>
        <CCLabelTTF MenuName="文本(CCLabelTTF)" tag="0" color="#ffffff" opacity="255" fontName="宋体" fontSize="20" string="NewText" verticalAlignment="Center" horizontalAlignment="Center" dimensions="{0, 0}" MenuPos="true"/>
        <CCScale9Sprite MenuName="九切片(CCScale9Sprite)" tag="0" position="{480,  320}" spriteFrame="textbg1.png" contentSize="{300,  300}"/>
        <CCControlButton MenuName="九切按钮(CCControlButton)" tag="0" position="{480,  320}" zoomOnTouchDown="true" title_1="State1" title_2="State2" title_3="State3" backgroundSpriteFrame_1="default_sprite.png"/>
        <CCEditBox MenuName="输入框(CCEditBox)" tag = "0" position="{480,  320}" fontSize="20" fontName="宋体" fontColor="#ffffff" placeholder="输入文本" placeholderFont="宋体" placeholderFontSize="20" placeholderFontColor="#777777" inputMode="SingleLine" inputFlag="InitialCapsAllCharacters" maxLength="0"/>
        <RichTextLabel MenuName="富文本(RichTextLabel)" tag="0" color="#ffffff" contentSize="{200,  200}" opacity="255" fontName="宋体" fontSize="20" string="NewText" verticalAlignment="Center" horizontalAlignment="Center" MenuPos="true"/>
	<CCScrollView MenuName="滾動視圖(CCScrollView)" tag="0" direction="Both" contentSize="{200,  200}" clipsToBounds="true" bounces="true"/>
    </CCNode>
    <CCLayer MenuName="层(CCLayer)" tag="0" touchEnabled="false" MenuPos="false"/>
    <CCLayerColor MenuName="颜色层(CCLayerColor)" tag="0" color="#ffffff" opacity="255" MenuPos="false"/>
    <CCLayerGradient MenuName="渐变图层(CCLayerGradient)" tag="0" startColor="#000000" endColor="#ffffff" startOpacity="0" endOpacity="255" vector="{0, 0}" MenuPos="false"/>
    <CCMenu MenuName="菜单(CCMenu)" tag="0" contentSize="{200,  100}"/>
    <CCMenuItemImage MenuName="菜单项(CCMenuItemImage)" tag="0" normalSpriteFrame="default_sprite.png" selectedSpriteFrame="default_sprite.png" disabledSpriteFrame="default_sprite.png" isEnabled="true"/>
    <CCLabelBMFont MenuName="位图字体(CCLabelBMFont)" tag="0" color="#ffffff" opacity="255" string="TTTTT" fntFile="Gas40.fnt"/>
    <CCParticleSystemQuad MenuName="粒子(CCParticleSystemQuad)" tag="0" texture="star_full.png" startColor="{1.000000, 1.000000, 1.000000, 1.000000}" startColorVar="{0.000000, 0.000000, 0.000000, 0.000000}" endColor="{1.000000, 1.000000, 1.000000, 1.000000}" endColorVar="{0.000000, 0.000000, 0.000000, 0.000000}" life="{0.400000, 0.000000}" startSize="{100.000000, 0.000000}" endSize="{10.000000, 0.000000}" gravity="{0.000000, 0.000000}" duration="-1" emissionRate="100" position="{429.073608, 383.908447}" speed="{0.000000, 500.000000}" angle="{0.000000, 360.000000}" endSpin="{0.000000, 0.000000}" tangentialAccel="{0.000000, 0.000000}" radialAccel="{0.000000, 0.000000}" contentSize="{10.000000, 10.000000}" totalParticles="100"/>
    <CCNode MenuName="其它">
	<CCAM_Animation MenuName="動畫(CCAM_Animation)" tag="0" fileName="AM" contentSize="{200,  200}" />
    </CCNode>
</CCLayer>
