<CCLayerColor tag="1" color="#ffffffff" opacity="255" position="{0, 0}">
    <!--CCSprite tag="0" displayFrame="load_bk.jpg" color="#ffffff" opacity="255" position="{0.000000, 0.000000}" scale="{1.200000, 1.200000}" realPosition="{0.500000, 0.500000}"/>
    <CCLabelTTF tag="1" color="#000000" opacity="255" fontName="MagistralC" fontSize="20" string="NewText" verticalAlignment="Center" horizontalAlignment="Center" dimensions="{0, 0}" MenuPos="true" position="{304.058960, 160.211090}"/-->
    <CCSprite tag="1" displayFrame="bbg_fine_ship.jpg" color="#ffffff" opacity="255" MenuPos="true" position="{-0.998459, 0.000000}" anchorPoint="{0.000000, 0.000000}">
        <CCAM_Animation tag="0" fileName="CW" contentSize="{200,  200}" position="{256.573975, 228.632507}" scale="{1.000000, 1.000000}"/>
        <RichTextLabel tag="0" color="#ff00ff" contentSize="{200,  200}" opacity="255" fontName="宋体" fontSize="20" string="刀塔傳奇動畫破解&lt;br/&gt;作者：&lt;font color=&apos;#00ff00&apos;&gt;Johance&lt;/font&gt;&lt;br/&gt;聯繫方式：421465201 僅供學習使用&lt;br/&gt;點擊介面切換動畫&lt;br/&gt;目前導出的是JSFL文件flash cs3可以導入" verticalAlignment="Center" horizontalAlignment="Center" MenuPos="true" position="{717.662842, 361.172607}"/>
        <CCControlButton tag="1" position="{786.566895, 429.844055}" zoomOnTouchDown="true" title_1="導出Flash" title_2="導出Flash" title_3="導出Flash" backgroundSpriteFrame_1="btn_green_m.png" backgroundSpriteFrame_2="btn_green_s.png" backgroundSpriteFrame_3="btn_green_s.png" contentSize="{239.000000, 107.000000}" titleTTFSize_1="40" titleTTFSize_2="40" titleTTFSize_3="40"/>
        <CCLabelTTF tag="2" color="#ff00ff" opacity="255" fontName="宋体" fontSize="20" string="當前特效：" verticalAlignment="Center" horizontalAlignment="Center" dimensions="{0, 0}" MenuPos="true" position="{88.053856, 496.583557}">
            <CCLabelTTF tag="1" color="#ff0000" opacity="255" fontName="宋体" fontSize="20" string="NewText" verticalAlignment="Center" horizontalAlignment="Center" dimensions="{0, 0}" MenuPos="true" position="{131.916199, 0.000015}" anchorPoint="{0.000000, 0.000000}"/>
        </CCLabelTTF>
        <CCLabelTTF tag="3" color="#ff00ff" opacity="255" fontName="宋体" fontSize="20" string="當前動畫：" verticalAlignment="Center" horizontalAlignment="Center" dimensions="{0, 0}" MenuPos="true" position="{88.053856, 466.583557}">
            <CCLabelTTF tag="1" color="#ff0000" opacity="255" fontName="宋体" fontSize="20" string="NewText" verticalAlignment="Center" horizontalAlignment="Center" dimensions="{0, 0}" MenuPos="true" position="{131.916199, 0.000015}" anchorPoint="{0.000000, 0.000000}"/>
        </CCLabelTTF>
    </CCSprite>
</CCLayerColor>
